video,QP,bitrate,PSNR,SSIM
a.y4m,10,91769047,time=00:00:07.45,bitrate=N/A
a.y4m,20,8046096,u:47.924949,U:0.986379
a.y4m,30,1238004,u:45.151779,U:0.979140
a.y4m,40,431680,u:41.479799,U:0.963565
a.y4m,50,151100,u:38.620697,U:0.944196
b.y4m,10,251421265,time=00:00:03.18,bitrate=N/A
b.y4m,20,71992649,time=00:00:08.30,bitrate=N/A
b.y4m,30,2722467,u:40.131898,U:0.932324
b.y4m,40,698054,u:37.823043,U:0.898634
b.y4m,50,319228,u:36.152864,U:0.872212
